Employee Id,First Name,Last Name,DOB,SSN,State
1,Andrea,Anderson,11/1984/12,***-**-5650,CT
2,Amy,Long,07/1982/19,***-**-7292,FL
3,Jennifer,Rowe,09/1980/16,***-**-9014,NY
4,Donna,Owens,09/1987/26,***-**-6696,AL
5,Gregory,Moore,02/1982/10,***-**-6226,MA
6,Daniel,Welch,08/1982/8,***-**-6950,IL
7,Roberto,Schmidt,02/1994/7,***-**-1763,AL
8,Wayne,Mercer,09/1989/21,***-**-7254,MA
9,Sarah,Harper,07/1993/27,***-**-5891,AK
10,Anthony,Nguyen,10/1986/9,***-**-8472,WI
11,Daniel,Wells,08/1994/27,***-**-7268,CA
12,Dakota,Harrington,08/1972/24,***-**-7188,VA
13,Brandon,Farmer,08/1980/10,***-**-2601,TX
14,Joseph,Fernandez,06/1978/1,***-**-4971,IL
15,Michelle,Huang,04/1983/9,***-**-8363,UT
16,Bradley,Guzman,05/1980/8,***-**-2817,WY
17,Crystal,Myers,12/1980/31,***-**-6532,OH
18,Donna,Lopez,02/1985/22,***-**-5711,DE
19,Rebecca,Hammond,02/1972/21,***-**-2706,LA
20,David,Foster,01/1990/9,***-**-6956,MO
21,Michelle,Brewer,06/1988/10,***-**-6836,OK
22,Isaac,Jordan,05/1986/6,***-**-0520,TX
23,Denise,George,09/1990/7,***-**-4879,WI
24,Pamela,Robinson,02/1981/21,***-**-4275,NM
25,Chelsea,Rivera,06/1987/21,***-**-0140,NH
26,Ronald,Hays,12/1993/21,***-**-6430,TX
27,Michelle,Reeves,11/1972/23,***-**-1066,PA
28,Kimberly,Massey,01/1981/1,***-**-4649,MO
29,Jeffrey,Clark,06/1978/28,***-**-0316,MO
30,Emily,Diaz,12/1986/4,***-**-9174,AK
31,Katie,Garcia,03/1983/22,***-**-8462,AK
32,James,Wilson,07/1977/23,***-**-7343,OR
33,Nicholas,Martinez,04/1979/5,***-**-1689,LA
34,Ralph,Wells,10/1988/19,***-**-4237,KS
35,Andrea,Perry,02/1986/1,***-**-8897,CO
36,Scott,Brooks,02/1972/24,***-**-4958,NY
37,Jonathan,Jones,01/1977/13,***-**-7798,MN
38,Michael,Chapman,03/1977/13,***-**-6874,OR
39,Annette,Flores,04/1977/19,***-**-3196,NE
40,Tracy,Gonzalez,11/1983/1,***-**-4059,WY
41,Michael,Dalton,03/1994/8,***-**-2101,WI
42,Cory,Hopkins,03/1977/13,***-**-9491,AK
43,Maria,Estrada,04/1990/30,***-**-8108,LA
44,Sheri,Ball,08/1991/4,***-**-7548,AZ
45,Paul,Murphy,07/1975/18,***-**-9454,NJ
46,Kayla,Mitchell,10/1975/13,***-**-9155,WI
47,John,Mcmillan,03/1983/2,***-**-7301,NV
48,Heather,Robinson,11/1985/20,***-**-1929,MN
49,Meghan,Wilson,05/1988/18,***-**-4722,HI
50,Richard,Turner,12/1982/24,***-**-9924,TN
51,Nicholas,Brown,09/1988/18,***-**-2869,SC
52,Timothy,Chandler,03/1978/26,***-**-3897,NM
53,Shawn,Murray,10/1990/30,***-**-5217,MS
54,Kristy,Diaz,03/1988/26,***-**-1032,IA
55,Morgan,Parker,01/1986/30,***-**-4320,TN
56,Theresa,Barnes,09/1976/28,***-**-2054,CT
57,Kimberly,Harris,10/1988/1,***-**-5459,IA
58,Michelle,Smith,07/1982/8,***-**-6834,NV
59,Sara,Walker,08/1985/16,***-**-5423,NE
60,Allen,Leon,04/1975/6,***-**-9089,MI
61,Rhonda,Young,06/1979/3,***-**-2336,NE
62,Adriana,Wolf,10/1994/17,***-**-1702,OR
63,Jacqueline,Garcia,01/1991/31,***-**-8953,NC
64,Gregory,Estes,10/1989/4,***-**-9235,KS
65,Lisa,Schmitt,04/1976/23,***-**-5980,TN
66,Tina,Williams,11/1987/4,***-**-7775,OR
67,Hailey,Boyd,11/1980/17,***-**-0270,NY
68,Victoria,Potter,03/1988/25,***-**-4290,UT
69,Michael,Reynolds,10/1994/30,***-**-8507,CA
70,Donna,Howard,03/1990/31,***-**-7432,MS
71,Craig,Garcia,08/1994/18,***-**-3695,PA
72,Daniel,Boyd,07/1978/18,***-**-1220,NY
73,Miranda,Nguyen,08/1981/12,***-**-2585,ME
74,Robert,Freeman,01/1984/1,***-**-5211,AR
75,Jeff,Hawkins,08/1992/10,***-**-5606,IL
76,Steve,Daniels,09/1980/14,***-**-3537,CO
77,Alex,Owen,10/1987/7,***-**-9252,AL
78,Stacy,Robertson,09/1974/24,***-**-0248,WY
79,Michael,Brown,01/1986/13,***-**-9682,OH
80,Christine,Williams,08/1974/15,***-**-1974,MN
81,Brendan,Gonzalez,08/1991/2,***-**-9993,SC
82,Kevin,Garcia,11/1977/25,***-**-4722,NV
83,John,Myers,07/1989/25,***-**-1869,NJ
84,Robert,Campbell,02/1973/27,***-**-9581,SD
85,Kristen,Lopez,01/1978/2,***-**-8194,VA
86,Christopher,Greene,05/1972/29,***-**-8446,ID
87,John,Paul,11/1973/20,***-**-7180,KY
88,Amanda,Wilson,05/1972/23,***-**-0767,NE
89,Andrea,Webb,12/1985/11,***-**-7815,VA
90,William,Small,08/1990/5,***-**-0642,CO
91,Darlene,Harmon,05/1980/5,***-**-3052,WV
92,Derek,Obrien,06/1990/29,***-**-6123,NH
93,Timothy,Mendoza,06/1980/9,***-**-2367,NM
94,Margaret,Barton,10/1975/10,***-**-0973,ID
95,Jeffery,Burnett,07/1984/28,***-**-4493,KS
96,Allison,Diaz,03/1994/25,***-**-8927,AR
97,Paula,Edwards,08/1988/10,***-**-0638,KS
98,Desiree,Ross,07/1981/7,***-**-2608,MS
99,Michael,Holden,07/1975/23,***-**-7951,IN
100,Yvette,Rodriguez,09/1985/11,***-**-8123,OR
101,Brooke,Jones,04/1979/9,***-**-2606,TN
102,Joseph,Adams,01/1979/18,***-**-7778,WI
103,Melinda,Parsons,02/1986/7,***-**-8751,NE
104,Antonio,Perez,02/1980/9,***-**-4115,NC
105,Mark,Green,06/1977/14,***-**-6893,AZ
106,Mark,Smith,07/1979/7,***-**-5381,ND
107,Shirley,Andrews,12/1981/7,***-**-5306,OH
108,Paul,Adams,04/1992/19,***-**-5765,WV
109,Matthew,Kramer,05/1988/14,***-**-4860,RI
110,Cynthia,Price,10/1991/15,***-**-6184,SD
111,Paul,Rogers,01/1992/10,***-**-6284,MT
112,Rachael,Holmes,07/1973/30,***-**-2067,GA
113,Patricia,Cruz,04/1976/22,***-**-3822,IN
114,Maria,Chapman,12/1973/20,***-**-7300,OK
115,Patrick,Taylor,07/1991/29,***-**-5595,MO
116,Rebecca,Wilson,06/1980/8,***-**-6629,MI
117,Jonathan,Mendoza,12/1989/30,***-**-0262,MD
118,Kathy,Preston,03/1990/6,***-**-9960,LA
119,Chad,Wise,11/1988/10,***-**-1355,CO
120,Amanda,Dodson,03/1973/4,***-**-6056,KS
121,Jonathon,Brock,04/1980/30,***-**-9917,CO
122,Mary,Hernandez,01/1990/29,***-**-5268,NY
123,Amy,Sherman,08/1973/4,***-**-6029,NJ
124,Ralph,Martinez,02/1980/26,***-**-4024,WA
125,Charles,Hall,09/1982/15,***-**-7617,PA
126,Gary,Knight,03/1994/8,***-**-1242,AR
127,Michael,Donaldson,01/1995/1,***-**-7624,CA
128,Peter,Miles,10/1976/26,***-**-3367,WA
129,Deanna,Terrell,02/1990/5,***-**-5743,OK
130,Joshua,Riley,11/1983/8,***-**-4874,IN
131,David,Mcclain,08/1976/2,***-**-5430,OH
132,Jeremy,Cross,11/1987/22,***-**-4632,HI
133,Thomas,Stone,03/1973/29,***-**-8227,DE
134,Derek,Harrington,09/1990/15,***-**-2836,AR
135,Stephen,Hensley,09/1978/30,***-**-5372,GA
136,Morgan,Dunn,07/1980/13,***-**-1601,AZ
137,Daniel,Garcia,04/1979/21,***-**-3001,WI
138,Ashley,Bullock,07/1983/23,***-**-5394,MS
140,Amanda,Franco,09/1994/24,***-**-5413,AK
141,Christina,Arnold,10/1979/20,***-**-2313,NY
142,Kimberly,Shaw,06/1973/11,***-**-7577,MA
143,Alexander,Murphy,05/1984/5,***-**-0664,UT
144,Julie,Nelson,08/1994/8,***-**-1332,SD
145,Lori,Odonnell,10/1989/22,***-**-2415,KS
146,Julie,Castillo,02/1988/16,***-**-4523,AK
147,William,Rivera,03/1975/8,***-**-7032,SD
148,Sydney,Floyd,03/1981/31,***-**-0722,CT
149,April,Barnes,02/1983/15,***-**-3288,RI
150,David,Pearson,06/1982/14,***-**-1781,AL
151,Robert,Smith,01/1987/12,***-**-2300,ID
152,Mary,Baker,07/1979/8,***-**-0954,MI
153,Lori,Tate,03/1977/8,***-**-9123,NM
154,Robin,Silva,07/1987/14,***-**-0453,AK
155,Matthew,Kane,11/1990/17,***-**-9385,PA
156,Shannon,Vaughn,12/1992/27,***-**-2444,AR
157,Joseph,Carroll,05/1975/9,***-**-5984,ND
158,Amy,Ford,06/1974/5,***-**-6461,NC
159,Beverly,Jordan,08/1986/15,***-**-3762,NM
160,Beth,Lynch,02/1984/13,***-**-0814,AK
161,John,Cox,12/1985/11,***-**-7739,OH
162,Todd,Duran,01/1976/14,***-**-1832,KY
163,Theresa,Fletcher,10/1992/22,***-**-0535,VA
164,Katherine,Hensley,05/1991/29,***-**-7226,CT
165,Thomas,Wood,08/1979/21,***-**-8269,TN
166,Adrian,Rivera,02/1973/13,***-**-5638,MA
167,John,Beck,07/1985/27,***-**-3635,AR
168,Donna,Rose,04/1989/20,***-**-1960,TN
169,Ashley,Smith,07/1983/16,***-**-8720,TX
170,Jennifer,Crawford,07/1986/21,***-**-5861,FL
171,Mark,Mcdonald,06/1984/27,***-**-0101,MT
172,Denise,Castillo,10/1983/10,***-**-0042,LA
173,Alisha,Pacheco,01/1982/13,***-**-2496,MI
174,Jennifer,Jensen,03/1991/9,***-**-4293,GA
175,Jennifer,Arnold,10/1976/18,***-**-4368,AL
176,Hailey,Lynn,03/1973/25,***-**-9488,CA
177,Diana,Spence,09/1983/20,***-**-4751,MA
178,Shaun,Martinez,12/1982/11,***-**-5793,NC
179,William,Boyle,01/1988/30,***-**-0490,AR
180,Donna,Howard,12/1978/16,***-**-3416,CA
181,Martha,Gonzalez,01/1981/17,***-**-8342,KS
182,Mary,Lee,04/1982/12,***-**-7361,OH
183,Edward,Thompson,08/1994/31,***-**-8605,OH
184,Jeremy,Warner,10/1987/20,***-**-1184,AL
185,Angela,Armstrong,03/1990/22,***-**-2446,NY
186,Kelly,Ferrell,01/1982/21,***-**-2299,NH
187,Katherine,Rogers,05/1988/13,***-**-9500,ME
188,Joseph,Estrada,03/1984/29,***-**-2571,PA
189,Heather,Andrews,08/1976/11,***-**-1797,VT
190,Diana,Smith,12/1973/2,***-**-3506,IL
191,Kimberly,Gallegos,08/1972/5,***-**-7563,OR
192,Daniel,Singh,12/1980/25,***-**-7521,VA
193,Rhonda,Gonzales,06/1976/7,***-**-4110,ID
194,Stephanie,Ho,04/1983/25,***-**-3656,KS
195,Ann,Romero,10/1989/27,***-**-4046,DE
196,Sara,Curry,06/1984/5,***-**-1678,ID
197,Scott,Warren,06/1985/24,***-**-3723,OH
198,Dillon,Nguyen,05/1978/26,***-**-4552,IL
199,Brian,Mclaughlin,09/1987/21,***-**-2876,PA
200,Dustin,Drake,09/1993/17,***-**-5454,WV
201,Rebecca,James,12/1980/4,***-**-1514,MA
202,Katherine,Wright,05/1987/10,***-**-3109,AR
203,Catherine,Martinez,04/1990/28,***-**-6917,NM
204,Amy,Wright,10/1991/15,***-**-8641,CA
205,Cheryl,Dennis,06/1986/16,***-**-0712,TX
206,Jose,Spears,03/1976/1,***-**-2675,NH
207,Jay,Smith,03/1985/6,***-**-6315,CT
208,Kimberly,Johnson,01/1992/22,***-**-4304,PA
209,James,Young,04/1980/12,***-**-8557,ME
210,Susan,Stewart,04/1989/23,***-**-2712,GA
211,Caroline,Mayer,05/1973/3,***-**-2487,WY
212,Robert,Ellison,07/1979/16,***-**-9579,NE
214,Rodney,Cook,12/1994/15,***-**-6232,RI
215,James,Reeves,01/1988/31,***-**-1620,IN
216,Bruce,Miles,01/1982/21,***-**-0969,IA
217,Amanda,Lewis,12/1988/5,***-**-0504,MT
218,Pamela,Hodges,02/1989/19,***-**-1423,UT
219,Matthew,Fuller,04/1980/27,***-**-2989,MS
220,William,Smith,06/1990/4,***-**-0654,AR
221,Lisa,Wilson,11/1993/9,***-**-6950,AZ
222,Kelly,Phillips,11/1987/5,***-**-1324,MI
223,Jonathan,Hall,07/1978/1,***-**-6672,NE
224,Jay,Brown,04/1980/24,***-**-8736,TX
225,Brian,Williams,01/1986/12,***-**-5701,MT
226,Julie,Robbins,11/1976/23,***-**-4571,IN
227,Michelle,Diaz,09/1993/25,***-**-4889,ID
228,Michael,Hubbard,09/1978/9,***-**-8972,CT
229,Joshua,Bailey,07/1986/20,***-**-4031,WV
230,Jermaine,Hill,09/1988/11,***-**-5479,NJ
231,Tracy,Martin,05/1975/3,***-**-0726,AK
232,John,Mathews,02/1991/24,***-**-9165,ND
233,John,Anderson,05/1973/30,***-**-6681,NY
234,Darrell,Coleman,08/1992/24,***-**-4198,WI
235,Cameron,Mcintosh,02/1975/1,***-**-8921,NV
236,Samuel,May,03/1988/30,***-**-0970,NJ
237,Gabriela,Nguyen,12/1981/17,***-**-3729,WA
238,Brandon,Chang,05/1984/14,***-**-6687,AL
239,Tonya,Martinez,09/1972/4,***-**-7702,IA
240,Rachel,Cook,03/1982/3,***-**-9042,NM
242,Caroline,Larson,05/1990/5,***-**-7178,LA
243,Charles,Stout,12/1976/5,***-**-1997,KS
244,David,Miles,11/1993/26,***-**-2657,MI
245,Jennifer,Rodriguez,04/1974/23,***-**-2538,NM
246,Tyler,Beck,10/1986/20,***-**-1385,HI
247,Ryan,Snyder,07/1982/14,***-**-9330,MA
248,Sherry,Love,03/1975/24,***-**-8685,OR
249,Pamela,Lyons,09/1972/27,***-**-3318,AR
250,Kathleen,Klein,01/1990/15,***-**-3388,NM
251,Daniel,Waller,04/1974/23,***-**-0011,KY
252,Amy,Waller,10/1980/1,***-**-8763,MA
253,Eric,Harper,11/1986/12,***-**-2860,NV
254,Dale,Hartman,10/1993/1,***-**-9502,ME
255,Elizabeth,Avila,03/1977/15,***-**-8453,NH
256,Amanda,Douglas,01/1990/8,***-**-6961,ID
257,Paul,Evans,06/1977/25,***-**-4302,MN
258,Megan,Robinson,03/1973/24,***-**-1601,WV
259,Mary,Mitchell,01/1982/20,***-**-3602,TX
260,Donna,Campbell,07/1993/14,***-**-2369,NV
261,John,Mueller,03/1987/22,***-**-7849,MD
262,Brian,Jackson,12/1985/21,***-**-9597,PA
263,Keith,Robinson,04/1978/15,***-**-3579,NC
264,Cody,Taylor,11/1978/13,***-**-3700,SD
265,Paul,Wilson,06/1993/19,***-**-9871,IA
266,Elizabeth,Lynn,02/1992/25,***-**-8647,MA
267,Stacy,Cox,11/1976/8,***-**-0990,AL
268,Thomas,Jensen,02/1991/23,***-**-3430,OH
269,Jonathon,Olson,07/1985/8,***-**-7767,SC
270,Katherine,Rose,01/1976/19,***-**-0446,MN
271,Michael,Adams,12/1986/10,***-**-3927,FL
272,Duane,Williams,10/1973/14,***-**-8818,NV
273,Sarah,Hayes,11/1984/20,***-**-8195,CT
274,Jeffrey,Harris,05/1994/25,***-**-4763,KY
275,Mark,White,09/1992/9,***-**-7830,ID
276,Sean,Gonzales,08/1981/11,***-**-8838,MO
277,Ronald,Johnson,09/1973/19,***-**-8871,DE
278,Brian,Peters,05/1982/7,***-**-3701,HI
279,Ashley,Patrick,06/1974/7,***-**-0763,WY
280,Brandon,Davis,07/1977/22,***-**-1621,AZ
281,Julie,Price,01/1993/20,***-**-3599,PA
282,Kathryn,Stout,08/1987/24,***-**-9637,IA
283,Timothy,Suarez,01/1977/12,***-**-3073,WI
284,Daniel,Hernandez,07/1976/22,***-**-7473,CO
285,James,Mclaughlin,01/1981/21,***-**-1088,NC
286,Stephanie,Smith,04/1978/26,***-**-1286,NH
287,Joanna,Hopkins,04/1973/17,***-**-2714,MA
288,Sandra,Griffin,11/1988/13,***-**-6533,NV
289,Angela,Clark,04/1988/20,***-**-3392,MN
290,Theresa,Brown,02/1993/20,***-**-3478,MN
291,Kyle,Hoffman,12/1984/25,***-**-7692,MT
292,Jose,Gonzalez,06/1992/1,***-**-9797,MD
293,Charles,Wheeler,02/1972/11,***-**-5781,CA
294,Robert,Edwards,04/1980/7,***-**-5215,GA
295,Shannon,Kramer,05/1980/4,***-**-7615,SC
296,Alan,Holden,11/1994/6,***-**-6916,PA
297,Melody,Nelson,01/1979/23,***-**-1931,VA
298,Haley,Myers,03/1985/20,***-**-0757,MD
299,Noah,White,04/1977/30,***-**-0897,SC
300,Corey,Adams,10/1988/8,***-**-2578,OR
301,Alexandra,Bradley,06/1980/13,***-**-9390,AL
302,Tracey,Meadows,01/1988/12,***-**-6175,RI
303,Ann,Lewis,01/1976/14,***-**-0619,MT
304,Sheri,Villegas,02/1985/13,***-**-8629,OR
305,Wendy,Hendrix,08/1983/19,***-**-6634,WY
306,Kelly,Moran,07/1976/14,***-**-0670,NV
307,Roger,Wright,03/1974/4,***-**-3080,MO
308,Kevin,Beck,03/1981/29,***-**-7304,TN
309,Cole,Farrell,01/1993/29,***-**-7973,IN
310,Pamela,Archer,10/1987/25,***-**-2625,WV
311,Jessica,Elliott,06/1978/4,***-**-1632,OH
312,Christopher,Dougherty,03/1978/29,***-**-0986,AL
313,Adam,Thomas,12/1982/30,***-**-1297,VA
314,Christopher,Anderson,07/1974/1,***-**-1835,NC
315,Debra,Best,02/1973/20,***-**-3320,ND
316,Harold,Li,05/1983/11,***-**-2966,GA
317,Amanda,Krause,11/1977/6,***-**-4744,IL
318,Teresa,Watkins,07/1972/27,***-**-5707,NY
319,Virginia,Wise,02/1982/18,***-**-8887,OR
320,Robert,Smith,04/1994/14,***-**-0748,MS
321,Paige,Spencer,09/1991/2,***-**-8621,NY
322,Jessica,Sullivan,01/1990/7,***-**-2665,WY
323,Jeremy,Obrien,01/1982/13,***-**-7592,OR
324,Samantha,Ramirez,08/1981/11,***-**-7086,MD
325,Renee,Evans,03/1991/14,***-**-2708,MT
326,Amanda,Clark,07/1991/23,***-**-5043,MN
327,Andrew,Lawson,04/1982/5,***-**-7313,MT
328,Michael,Robinson,10/1973/22,***-**-2355,IL
329,Denise,Baldwin,04/1992/6,***-**-7350,AL
330,Kaylee,Clark,05/1992/29,***-**-0753,WI
331,Nicole,Perez,09/1982/28,***-**-1455,MT
332,Carol,Dyer,03/1989/12,***-**-5545,HI
333,Troy,Sanchez,11/1990/15,***-**-2052,OK
334,Jeffery,Reed,07/1985/19,***-**-6338,NJ
335,Dennis,Thomas,06/1989/11,***-**-5032,IN
336,Kelly,Sullivan,04/1988/12,***-**-7284,NV
337,Savannah,Saunders,05/1984/12,***-**-2473,IA
338,Cynthia,Bennett,11/1973/26,***-**-7899,MD
339,Caroline,Lopez,08/1981/9,***-**-1325,OK
340,Dawn,Malone,04/1979/19,***-**-2070,TN
341,Maria,Mcmillan,09/1973/7,***-**-3730,TX
342,Christopher,Young,12/1988/2,***-**-1343,NE
343,Elizabeth,Olson,01/1976/22,***-**-7163,MA
344,David,Jacobs,02/1982/28,***-**-3682,FL
345,Stacy,Brooks,06/1991/17,***-**-4661,SC
346,Austin,Gutierrez,06/1979/25,***-**-0203,VT
347,Mark,Garrett,09/1985/18,***-**-4408,WY
348,Darren,Farrell,05/1991/24,***-**-5885,CA
349,Kenneth,Martin,08/1989/24,***-**-4681,MI
350,Dennis,Alvarado,11/1973/27,***-**-4378,MT
351,Jacob,Thomas,03/1976/31,***-**-8896,MS
352,Stephen,Bryant,05/1991/15,***-**-6488,SD
353,Kelly,Castillo,04/1992/13,***-**-7622,WA
354,Jennifer,Avery,08/1987/8,***-**-5062,LA
355,Daniel,Wright,12/1989/31,***-**-3803,FL
356,Andrew,Moore,01/1982/3,***-**-5178,ID
357,Tracy,Holt,10/1988/20,***-**-1413,AK
358,Jillian,David,04/1973/11,***-**-4462,HI
359,Victoria,Moon,01/1976/6,***-**-8604,AZ
360,Mitchell,Meyer,08/1991/31,***-**-7666,RI
361,Julia,Wright,09/1980/4,***-**-6702,CO
362,Hannah,Nolan,09/1978/15,***-**-1332,OK
363,Evan,Romero,08/1994/25,***-**-3334,NM
364,David,Turner,02/1973/13,***-**-7108,IL
365,Kristine,Little,07/1974/10,***-**-1771,SD
366,Caroline,Wyatt,11/1979/12,***-**-7063,NY
367,Tricia,Smith,01/1992/24,***-**-7866,CA
368,Erica,Johnson,05/1978/27,***-**-9413,LA
369,Michelle,Larson,03/1980/20,***-**-3866,FL
370,Valerie,Lopez,04/1983/10,***-**-0441,AL
371,Katherine,Bailey,03/1994/4,***-**-3545,WV
372,Jessica,Walsh,06/1976/1,***-**-2907,RI
373,Alicia,Carney,09/1989/10,***-**-9437,OH
374,William,Peters,03/1986/20,***-**-7516,KY
375,Vincent,Watson,12/1974/15,***-**-8997,RI
376,Christine,Munoz,11/1974/17,***-**-0149,MO
377,Laura,Mercado,04/1974/5,***-**-9514,MI
378,Kyle,Aguirre,10/1973/24,***-**-4469,NE
379,Adam,Harrell,10/1981/18,***-**-0742,WV
380,Michelle,Ali,05/1993/5,***-**-3823,KS
381,Claudia,Oneal,04/1987/1,***-**-9008,TX
382,Tonya,Chavez,04/1984/17,***-**-5703,MT
383,Diana,Meyers,09/1972/13,***-**-4296,TN
384,Jessica,Gaines,04/1981/23,***-**-9332,CO
385,David,Lowery,10/1987/21,***-**-7963,UT
386,Randy,Dorsey,05/1974/9,***-**-0360,MO
387,Alexander,Gibson,10/1983/27,***-**-1036,CO
388,Cameron,Allen,01/1986/2,***-**-8341,ID
389,Daniel,Patrick,10/1972/15,***-**-8777,GA
390,Kayla,Washington,10/1985/8,***-**-6218,CT
391,George,Mckinney,02/1984/4,***-**-7748,UT
392,David,Williams,07/1990/7,***-**-6350,MA
393,Charles,Kelley,04/1993/14,***-**-1133,OK
394,Mark,Brown,04/1975/2,***-**-8531,CA
395,Christopher,Guerrero,01/1983/29,***-**-4036,WY
396,Michelle,Phillips,09/1988/17,***-**-2345,OK
397,Anthony,Christensen,05/1983/13,***-**-8703,OH
398,Sarah,Hamilton,07/1976/20,***-**-3104,ND
399,Charles,Greene,11/1992/28,***-**-2935,KY
400,James,Rios,03/1978/4,***-**-3987,ID
401,Amanda,Haney,04/1983/11,***-**-9019,IA
402,Patricia,Sharp,07/1987/13,***-**-0306,MD
403,Taylor,Boyle,09/1979/26,***-**-9756,MD
404,Emily,Lawrence,11/1991/24,***-**-1991,TN
405,Mary,Robbins,12/1975/1,***-**-9514,FL
406,Sandra,Sanders,10/1980/6,***-**-1673,RI
407,Jonathan,Gomez,06/1993/5,***-**-4727,SD
408,Carla,Torres,02/1987/23,***-**-7599,CT
409,Robert,Lin,11/1975/12,***-**-0121,AZ
410,Rachel,Lyons,08/1972/29,***-**-0900,ME
411,Daniel,Brown,04/1984/19,***-**-6526,NM
412,Thomas,Patterson,05/1977/6,***-**-4561,VA
413,Christopher,Martinez,12/1978/28,***-**-8774,CT
414,Laura,Parker,12/1973/5,***-**-6879,CO
415,Suzanne,Wheeler,05/1985/19,***-**-2982,WI
416,Barbara,Lambert,09/1979/7,***-**-5353,ID
417,David,Evans,09/1977/15,***-**-6773,WA
418,Katherine,Lane,11/1986/1,***-**-6820,NH
419,Christina,Weeks,10/1972/15,***-**-2028,PA
420,Pamela,Moore,02/1980/20,***-**-9532,NJ
421,Rebecca,Marshall,05/1974/6,***-**-1020,PA
422,Leon,Foster,09/1975/19,***-**-3153,SC
423,Karen,Lyons,06/1990/9,***-**-9081,OK
424,John,Wells,05/1993/25,***-**-3026,NH
425,Albert,Davidson,01/1975/20,***-**-9182,CA
426,Amy,Griffin,02/1973/18,***-**-1946,MA
427,John,Garcia,04/1987/14,***-**-3993,TX
428,Jessica,Thornton,01/1983/3,***-**-2381,KS
429,Howard,Lawson,04/1984/13,***-**-7664,MI
430,Derrick,Fritz,12/1982/5,***-**-0071,IA
431,Edwin,Martin,02/1988/13,***-**-9168,MO
432,Ashley,Sherman,10/1984/1,***-**-1501,NE
433,Hannah,Miller,10/1973/18,***-**-4657,NY
434,Melissa,Torres,03/1981/22,***-**-6921,NM
435,Karla,Rosales,07/1983/10,***-**-1729,IL
436,Briana,Webster,02/1978/8,***-**-3704,PA
437,Andrea,Montgomery,12/1991/3,***-**-6315,OH
438,Danielle,Kaiser,08/1975/21,***-**-9764,AL
439,Cheryl,Bailey,10/1991/31,***-**-1224,NC
440,Tamara,White,05/1980/20,***-**-6614,FL
441,Robin,Oconnor,02/1978/27,***-**-0782,NH
442,Lauren,Bennett,06/1985/5,***-**-4874,IA
443,Dennis,Osborn,11/1973/15,***-**-3531,MA
444,Patrick,Barber,07/1991/21,***-**-9891,NY
445,Andrea,Wright,06/1978/15,***-**-8386,OH
446,Benjamin,King,05/1973/7,***-**-8165,RI
447,Tiffany,Harris,01/1983/12,***-**-9733,WV
448,Jennifer,Brown,08/1977/23,***-**-0700,MA
450,Cynthia,Williams,12/1978/23,***-**-5994,NY
451,Carrie,Barber,11/1977/9,***-**-3083,LA
452,Bryan,Jackson,09/1982/8,***-**-8117,MD
453,Ann,Johnson,06/1981/1,***-**-9046,NE
454,Kristin,Grant,08/1980/23,***-**-9693,WV
455,Scott,Miller,09/1991/27,***-**-3580,WY
456,Gregory,Jackson,06/1973/6,***-**-0058,WY
457,Andrea,Potter,12/1983/26,***-**-6384,NH
458,Dustin,Nichols,06/1977/7,***-**-9015,NE
459,Matthew,Gibbs,06/1984/12,***-**-9698,ID
460,Elizabeth,Bailey,07/1979/15,***-**-7230,MI
461,Stephanie,Mendoza,03/1977/22,***-**-8308,VT
462,David,Peterson,06/1973/27,***-**-7312,LA
463,Jerome,Brown,07/1992/10,***-**-9456,MD
464,Beth,Harris,12/1982/22,***-**-5871,RI
465,Laura,Kim,07/1974/26,***-**-3606,PA
466,Bonnie,Bowen,11/1993/7,***-**-5889,ID
467,Kevin,Taylor,04/1979/19,***-**-2293,NH
468,Paula,Hernandez,10/1975/12,***-**-2951,CA
469,Daniel,Mccall,07/1987/12,***-**-5314,NE
470,Brooke,Bishop,12/1980/18,***-**-4107,CA
471,Tammy,Salinas,12/1980/29,***-**-3850,NC
472,Kelly,Hopkins,10/1984/8,***-**-6875,HI
473,David,Le,08/1976/31,***-**-5444,MI
474,Alexis,Cross,08/1983/11,***-**-3694,MN
475,Steven,Ritter,02/1986/11,***-**-8004,OH
476,Erica,Mcconnell,07/1981/1,***-**-0878,MA
477,Gregory,Simpson,07/1990/9,***-**-9365,CO
478,Michelle,Peterson,06/1984/25,***-**-2154,MA
479,Joseph,Martinez,10/1973/5,***-**-9409,NH
480,Brandi,Sawyer,07/1979/13,***-**-9334,RI
481,Dawn,Galvan,09/1989/3,***-**-8058,TN
482,Susan,Kennedy,12/1988/19,***-**-4558,ME
483,David,Cervantes,01/1983/8,***-**-0082,WA
484,Julia,Morgan,03/1976/18,***-**-1731,WI
485,Christine,Stone,11/1978/7,***-**-6503,KS
486,Mike,Duncan,12/1988/15,***-**-8115,MD
487,Sheri,Long,06/1978/6,***-**-5166,OH
488,Kimberly,Velasquez,01/1989/10,***-**-4229,GA
489,Amanda,Smith,08/1989/5,***-**-3579,DE
490,Paul,Meyers,03/1989/13,***-**-1680,HI
491,Leslie,Brown,06/1973/15,***-**-1806,NJ
492,Wyatt,Rivers,02/1984/7,***-**-5135,KY
493,Amanda,Jones,07/1993/31,***-**-0691,MN
494,Heather,Scott,08/1982/20,***-**-0361,NH
495,Bridget,Koch,02/1973/23,***-**-9714,WY
496,Mark,Mcmillan,07/1976/8,***-**-2503,MI
497,Heather,Farrell,01/1978/11,***-**-0338,MA
498,Caroline,Jackson,12/1983/29,***-**-4102,DE
499,Daniel,Lopez,09/1989/7,***-**-2639,AR
500,Jennifer,Fischer,11/1983/19,***-**-5609,UT
501,Donald,Carter,07/1983/16,***-**-5922,HI
502,Michael,Marshall,04/1990/5,***-**-5125,MI
503,Frank,Barton,06/1993/10,***-**-5568,MA
504,Troy,Booth,12/1990/27,***-**-5141,TN
505,Ashley,Hutchinson,04/1994/26,***-**-1510,SC
506,Jonathan,Malone,04/1984/14,***-**-9942,MN
507,Isaac,Woods,03/1984/20,***-**-6227,AK
508,Roy,Johnson,03/1984/30,***-**-6344,AK
509,Andrew,Hogan,06/1990/8,***-**-5943,ND
510,Tyler,Brewer,06/1972/28,***-**-9006,HI
511,Lee,Weber,12/1988/3,***-**-9830,CA
512,Danny,Pena,01/1978/31,***-**-9878,MN
513,Kevin,Foster,10/1985/18,***-**-5090,WI
514,Timothy,Morris,06/1981/16,***-**-2962,WY
515,Anna,Bennett,06/1977/20,***-**-6909,TN
516,Alyssa,Stokes,04/1973/1,***-**-2432,OH
517,Justin,Morgan,03/1976/17,***-**-5133,MI
518,Thomas,Cooper,08/1972/17,***-**-9890,CO
519,Jane,Martinez,01/1991/30,***-**-3977,AZ
520,Ryan,Russell,01/1975/6,***-**-3828,HI
521,Jennifer,Johnson,02/1978/17,***-**-3102,OK
522,Jason,Shaw,11/1985/1,***-**-4765,KY
523,Chelsea,Foster,03/1974/26,***-**-4094,AK
524,Cody,Duran,01/1973/15,***-**-6706,NM
525,Crystal,Martin,08/1993/29,***-**-0679,ME
526,Anthony,Rodriguez,02/1983/9,***-**-3865,ID
527,Nicole,Conrad,06/1985/2,***-**-6985,SD
528,Anna,Matthews,02/1991/9,***-**-4474,TN
529,Linda,Krause,12/1978/22,***-**-4382,SD
530,Michael,Fowler,08/1990/28,***-**-3995,TN
531,Jennifer,Williams,02/1977/27,***-**-9054,OK
532,Jennifer,Smith,01/1989/31,***-**-1748,GA
533,Nathan,Moore,11/1978/19,***-**-7469,ME
534,Matthew,Martin,07/1993/12,***-**-7803,ID
535,Danielle,House,04/1975/16,***-**-9308,ME
536,Megan,Gray,10/1972/12,***-**-4006,NY
537,Anthony,Richmond,10/1989/5,***-**-8935,AR
538,Joseph,Martin,04/1992/13,***-**-5396,AR
539,Craig,Nunez,06/1972/13,***-**-6566,DE
540,Robert,Campbell,01/1987/17,***-**-3694,DE
541,Brent,Miller,01/1978/14,***-**-9692,HI
542,Brian,Bridges,02/1976/22,***-**-4546,MN
543,James,Torres,01/1986/19,***-**-5026,DE
544,Kristina,Summers,02/1989/17,***-**-3058,OR
545,Mark,Saunders,08/1973/23,***-**-2640,VT
546,Michelle,Jenkins,11/1977/29,***-**-8254,NE
547,Joshua,Rush,08/1986/5,***-**-2710,GA
548,Debra,Green,07/1988/20,***-**-5376,SC
549,Joshua,Hicks,01/1985/7,***-**-4786,KS
550,Samantha,Thompson,06/1976/4,***-**-9230,NY
551,Alexandria,Baker,11/1974/2,***-**-3200,NV
552,Alexander,Vaughan,08/1988/22,***-**-8562,MI
553,Mark,Chen,04/1989/2,***-**-3553,WY
554,Ronald,Huerta,12/1973/13,***-**-6058,OK
555,Kyle,Ramirez,05/1984/30,***-**-2839,WA
556,Robin,Carroll,10/1972/14,***-**-7194,CA
557,Kristine,Roberson,03/1981/18,***-**-0956,MN
558,Brian,Davila,07/1982/5,***-**-3711,DE
559,Sherry,Henderson,02/1991/15,***-**-3768,FL
560,Carrie,Davis,06/1984/20,***-**-6558,WA
561,Michelle,Carr,06/1978/22,***-**-2759,CT
562,Allison,Garcia,02/1983/8,***-**-0105,LA
563,Barbara,Murphy,10/1989/30,***-**-9225,AR
564,Nancy,Mitchell,02/1988/2,***-**-9365,GA
565,Matthew,Miller,04/1979/7,***-**-3517,CO
566,David,Arroyo,04/1975/16,***-**-9403,FL
567,Michele,Hendricks,03/1990/10,***-**-7341,MS
568,Amber,West,01/1978/19,***-**-7363,ND
569,James,King,04/1978/21,***-**-1432,AK
570,Shawn,Edwards,01/1978/19,***-**-4865,LA
571,Jeffrey,Jones,06/1981/27,***-**-1822,SD
572,Aaron,James,03/1974/25,***-**-4596,OR
573,Samantha,Farley,07/1977/10,***-**-2351,WA
574,Jennifer,Kim,10/1976/3,***-**-9504,MN
575,Drew,Kelly,03/1993/25,***-**-3264,WA
576,Travis,Little,05/1992/14,***-**-6995,WY
577,Gregory,Roberts,01/1986/27,***-**-4496,IN
578,Michael,Estrada,10/1994/12,***-**-2448,OH
579,Garrett,Carter,09/1988/26,***-**-7246,CA
580,Stephanie,Goodwin,02/1986/25,***-**-5702,NC
581,Laura,Glenn,10/1992/20,***-**-1468,TX
582,Sara,Smith,01/1983/2,***-**-9188,TN
583,Scott,Ellison,03/1977/31,***-**-8653,NH
584,Joseph,Mitchell,05/1980/18,***-**-7441,VA
585,Bonnie,Turner,04/1973/1,***-**-0208,MD
586,Adrian,Hernandez,09/1993/8,***-**-5101,NE
587,Daniel,Williams,11/1989/17,***-**-9146,NH
588,Kenneth,Sanchez,10/1980/30,***-**-8921,CA
589,David,Patton,11/1978/19,***-**-9705,PA
590,Brenda,James,12/1977/31,***-**-3251,HI
591,Travis,Hansen,07/1981/28,***-**-6746,DE
592,Mary,Chavez,04/1990/27,***-**-2834,PA
593,Rachel,Valdez,05/1985/21,***-**-0852,UT
594,Steven,Nelson,04/1989/14,***-**-2085,VT
595,Michelle,Dickerson,02/1984/8,***-**-2817,TN
596,Megan,Chavez,10/1991/8,***-**-7659,CT
597,Blake,Jimenez,09/1977/10,***-**-3810,KS
598,Brandi,Williams,10/1989/15,***-**-8500,MD
599,Edward,Padilla,10/1993/9,***-**-5222,PA
600,Rick,Johns,07/1984/30,***-**-7121,NV
601,Brian,Lopez,02/1990/13,***-**-7558,DE
602,Sandra,Suarez,09/1980/20,***-**-9548,GA
603,Mark,Murillo,09/1976/22,***-**-9915,MI
604,Ashley,Harris,08/1993/9,***-**-7070,IL
605,Rodney,Smith,05/1975/8,***-**-3105,NH
606,Jasmine,Kelly,06/1979/30,***-**-3251,MN
607,David,Johnson,06/1985/23,***-**-9729,DE
608,Jimmy,Jones,02/1973/19,***-**-2030,MA
609,Patricia,Fletcher,06/1979/30,***-**-2311,RI
610,Jermaine,Quinn,12/1989/24,***-**-1754,CA
611,Emily,Mcgrath,11/1973/10,***-**-7640,CO
612,Lee,Zamora,03/1979/17,***-**-3321,UT
613,Alexandra,Thomas,01/1994/12,***-**-6760,SD
614,Colleen,Beasley,08/1977/12,***-**-3286,MA
615,Joshua,Weaver,11/1982/20,***-**-7030,IA
616,Anne,Rios,11/1974/26,***-**-6513,HI
617,Andrew,Love,05/1991/27,***-**-9696,OH
618,Patrick,Wells,08/1979/3,***-**-3209,MS
619,Nancy,Nguyen,07/1976/5,***-**-3939,VA
620,Gina,Hoffman,03/1990/20,***-**-4213,UT
621,Maurice,Gillespie,09/1984/7,***-**-8509,GA
622,Jennifer,Porter,01/1991/20,***-**-5572,WI
623,Mason,Rhodes,01/1977/28,***-**-4767,MD
624,Ariel,Ray,09/1972/11,***-**-2732,OR
625,Lawrence,Roach,04/1991/3,***-**-2080,KY
626,Janice,Young,07/1988/7,***-**-4863,WA
627,Latoya,Mitchell,03/1991/15,***-**-3607,ME
628,Michael,Garcia,11/1980/5,***-**-4294,IL
629,Elizabeth,Howard,11/1984/5,***-**-2641,AZ
630,Susan,Thompson,05/1985/17,***-**-6074,TN
631,Amanda,Pearson,08/1979/15,***-**-9832,TN
632,Kirsten,Mcbride,09/1973/10,***-**-2372,IA
633,Aaron,Wolf,04/1978/9,***-**-1149,WY
634,Sean,Calhoun,07/1978/31,***-**-2261,SD
635,Deanna,Russell,07/1972/29,***-**-9236,MD
636,Sarah,Brooks,06/1991/27,***-**-6948,AR
637,Brett,Ward,09/1979/27,***-**-0204,MN
638,John,Anderson,01/1983/7,***-**-7935,UT
639,Charlene,Jackson,10/1989/28,***-**-8809,WY
640,Brett,Nelson,06/1986/20,***-**-3049,MD
641,Kimberly,Knapp,11/1992/23,***-**-1122,CO
642,Tamara,Whitney,09/1975/21,***-**-9208,MO
643,Allen,Flynn,07/1994/25,***-**-7573,NH
644,William,Watts,10/1989/12,***-**-6883,MN
645,Karen,Malone,09/1985/3,***-**-5442,CO
646,David,Weaver,08/1976/11,***-**-2750,ME
647,Ronald,Gilbert,05/1974/26,***-**-4448,WY
648,Christopher,Smith,11/1976/23,***-**-2521,WI
649,Victor,Lopez,10/1987/26,***-**-3964,NV
650,Logan,Smith,03/1990/26,***-**-0194,MN
651,Alexander,Wright,04/1979/18,***-**-7263,MN
652,Anthony,Delgado,09/1994/19,***-**-7837,FL
653,Mary,Hunter,11/1977/1,***-**-6623,TX
654,Nicole,English,04/1977/30,***-**-9164,HI
